link,text
https://t2.pmex.my.id/2023/04/01/pewarnaan-dinding/,D:\CODE\iMacros\Macros\WA_6285649865232\WordpressEditor\txt\ikea-furniture-assembly.txt
https://t2.pmex.my.id/2023/04/01/pencahayaan/,D:\CODE\iMacros\Macros\WA_6285649865232\WordpressEditor\txt\ikea-hemnes-bed.txt
https://t2.pmex.my.id/2023/04/01/furnitur-interior/,D:\CODE\iMacros\Macros\WA_6285649865232\WordpressEditor\txt\ikea-kitchen-countertops.txt
https://t2.pmex.my.id/2023/04/01/gas-lpg/,D:\CODE\iMacros\Macros\WA_6285649865232\WordpressEditor\txt\ikea-kitchen-design.txt
https://t2.pmex.my.id/2023/04/01/pertanyaan-tentang-coban-rondo/,D:\CODE\iMacros\Macros\WA_6285649865232\WordpressEditor\txt\ikea-kitchens.txt
https://t2.pmex.my.id/2023/04/01/coban-rondo-keindahan-air-terjun-di-kota-batu/,D:\CODE\iMacros\Macros\WA_6285649865232\WordpressEditor\txt\ikea-malm-bed-frame.txt
https://t2.pmex.my.id/2023/04/01/review-resto/,D:\CODE\iMacros\Macros\WA_6285649865232\WordpressEditor\txt\ikea-office-desk.txt
https://t2.pmex.my.id/2023/04/01/prompt-ai-yang-paling-sering-digunakan/,D:\CODE\iMacros\Macros\WA_6285649865232\WordpressEditor\txt\ikea-office-desks.txt
https://t2.pmex.my.id/2023/04/01/interior-rumah/,D:\CODE\iMacros\Macros\WA_6285649865232\WordpressEditor\txt\ikea-office-furniture.txt
